INSERT INTO Departamentos (DepartamentoID, Nome) VALUES
(1, 'Vendas'),
(2, 'Marketing'),
(3, 'Recursos Humanos'),
(4, 'Financeiro'),
(5, 'Tecnologia');

INSERT INTO Funcionarios (FuncionarioID, Nome, Cargo, DataContratacao, DepartamentoID) VALUES
(1, 'João Silva', 'Vendedor', '2022-01-15', 1),
(2, 'Maria Santos', 'Analista de Marketing', '2021-08-20', 2),
(3, 'Carlos Ferreira', 'Gerente de Recursos Humanos', '2020-05-10', 3),
(4, 'Ana Souza', 'Analista Financeiro', '2023-03-01', 4),
(5, 'Pedro Oliveira', 'Desenvolvedor', '2022-06-05', 5),
(6, 'Mariana Costa', 'Vendedora', '2022-02-10', 1),
(7, 'Rafaela Pereira', 'Analista de Marketing', '2021-11-30', 2),
(8, 'José Santos', 'Analista de Recursos Humanos', '2020-10-01', 3),
(9, 'Fernanda Lima', 'Analista Financeiro', '2023-01-20', 4),
(10, 'Lucas Mendes', 'Desenvolvedor', '2022-03-15', 5),
(11, 'Patricia Ferreira', 'Vendedora', '2022-03-10', 1),
(12, 'Rodrigo Almeida', 'Analista de Marketing', '2021-09-25', 2),
(13, 'Juliana Costa', 'Analista de Recursos Humanos', '2020-06-18', 3),
(14, 'Gustavo Oliveira', 'Analista Financeiro', '2023-02-05', 4),
(15, 'Camila Santos', 'Desenvolvedora', '2022-07-01', 5),
(16, 'Marcela Souza', 'Vendedora', '2022-04-20', 1),
(17, 'Renato Pereira', 'Analista de Marketing', '2021-12-10', 2),
(18, 'André Lima', 'Analista de Recursos Humanos', '2020-11-01', 3),
(19, 'Isabela Fernandes', 'Analista Financeiro', '2023-04-15', 4),
(20, 'Thiago Mendes', 'Desenvolvedor', '2022-09-05', 5);

INSERT INTO Salarios (SalarioID, FuncionarioID, Salario, DataInicio, DataFim) VALUES
(1, 1, 5000.00, '2022-01-15', NULL),
(2, 2, 4500.00, '2021-08-20', NULL),
(3, 3, 8000.00, '2020-05-10', NULL),
(4, 4, 6000.00, '2023-03-01', NULL),
(5, 5, 7000.00, '2022-06-05', NULL),
(6, 6, 4000.00, '2022-02-10', NULL),
(7, 7, 4200.00, '2021-11-30', NULL),
(8, 8, 5500.00, '2020-10-01', NULL),
(9, 9, 4800.00, '2023-01-20', NULL),
(10, 10, 6500.00, '2022-03-15', NULL),
(11, 11, 3800.00, '2022-03-10', NULL),
(12, 12, 4300.00, '2021-09-25', NULL),
(13, 13, 5200.00, '2020-06-18', NULL),
(14, 14, 4700.00, '2023-02-05', NULL),
(15, 15, 6800.00, '2022-07-01', NULL),
(16, 16, 4100.00, '2022-04-20', NULL),
(17, 17, 4400.00, '2021-12-10', NULL),
(18, 18, 5300.00, '2020-11-01', NULL),
(19, 19, 4600.00, '2023-04-15', NULL),
(20, 20, 6000.00, '2022-09-05', NULL);

INSERT INTO Enderecos (EnderecoID, FuncionarioID, Rua, Numero, Cidade, Estado, CEP) VALUES
(1, 1, 'Avenida Paulista', '123', 'São Paulo', 'SP', '01234-567'),
(2, 2, 'Rua do Rosário', '456', 'Rio de Janeiro', 'RJ', '04567-890'),
(3, 3, 'Rua da Bahia', '789', 'Belo Horizonte', 'MG', '07890-123'),
(4, 4, 'Setor Comercial Sul', '321', 'Brasília', 'DF', '09876-543'),
(5, 5, 'Avenida Goethe', '654', 'Porto Alegre', 'RS', '06543-210'),
(6, 6, 'Rua Oscar Freire', '987', 'São Paulo', 'SP', '01234-567'),
(7, 7, 'Rua Lapa', '654', 'Rio de Janeiro', 'RJ', '04567-890'),
(8, 8, 'Avenida Afonso Pena', '321', 'Belo Horizonte', 'MG', '07890-123'),
(9, 9, 'Setor Bancário Norte', '789', 'Brasília', 'DF', '09876-543'),
(10, 10, 'Rua dos Andradas', '654', 'Porto Alegre', 'RS', '06543-210'),
(11, 11, 'Avenida Brigadeiro Faria Lima', '123', 'São Paulo', 'SP', '01234-567'),
(12, 12, 'Rua do Lavradio', '456', 'Rio de Janeiro', 'RJ', '04567-890'),
(13, 13, 'Avenida do Contorno', '789', 'Belo Horizonte', 'MG', '07890-123'),
(14, 14, 'Setor Comercial Norte', '321', 'Brasília', 'DF', '09876-543'),
(15, 15, 'Avenida Ipiranga', '654', 'Porto Alegre', 'RS', '06543-210'),
(16, 16, 'Rua Augusta', '123', 'São Paulo', 'SP', '01234-567'),
(17, 17, 'Rua Visconde de Pirajá', '456', 'Rio de Janeiro', 'RJ', '04567-890'),
(18, 18, 'Rua da Consolação', '789', 'Belo Horizonte', 'MG', '07890-123'),
(19, 19, 'Setor Bancário Sul', '321', 'Brasília', 'DF', '09876-543'),
(20, 20, 'Avenida Assis Brasil', '654', 'Porto Alegre', 'RS', '06543-210');

INSERT INTO Contatos (ContatoID, FuncionarioID, Tipo, Valor) VALUES
(1, 1, 'Telefone', '(11) 1234-5678'),
(2, 2, 'E-mail', 'maria84@gmail.com'),
(3, 3, 'Telefone', '(31) 9876-5432'),
(4, 4, 'E-mail', 'anaaninha@gmail.com'),
(5, 5, 'Telefone', '(51) 4567-8901'),
(6, 6, 'Telefone', '(11) 2345-6789'),
(7, 7, 'E-mail', 'rafaelag4@gmail.com'),
(8, 8, 'Telefone', '(31) 8765-4321'),
(9, 9, 'E-mail', 'fernanda22@gmail.com'),
(10, 10, 'Telefone', '(51) 5678-9012'),
(11, 11, 'Telefone', '(11) 3456-7890'),
(12, 12, 'E-mail', 'drigo17@gmail.com'),
(13, 13, 'Telefone', '(31) 7654-3210'),
(14, 14, 'Telefone', '(51) 6789-0123'),
(15, 15, 'E-mail', 'mila_ca@gmail.com'),
(16, 16, 'Telefone', '(11) 4567-8901'),
(17, 17, 'E-mail', 'renato21@gmail.com'),
(18, 18, 'Telefone', '(31) 6543-2109'),
(19, 19, 'Telefone', '(51) 7890-1234'),
(20, 20, 'E-mail', 'thigo_dev@gmail.com');

INSERT INTO Dependentes (DependenteID, FuncionarioID, Nome, DataNascimento, Parentesco) VALUES
(1, 1, 'Pedro Silva', '2010-03-15', 'Filho'),
(2, 3, 'Lucas Ferreira', '2015-07-20', 'Filho'),
(3, 5, 'Laura Oliveira', '2008-11-10', 'Filha'),
(4, 7, 'Julia Pereira', '2012-05-05', 'Filha'),
(5, 9, 'Mateus Lima', '2009-09-01', 'Filho'),
(6, 11, 'Sophia Ferreira', '2011-12-25', 'Filha'),
(7, 13, 'Gabriel Costa', '2014-02-18', 'Filho'),
(8, 15, 'Isabella Santos', '2007-06-30', 'Filha'),
(9, 17, 'Enzo Pereira', '2013-04-12', 'Filho'),
(10, 19, 'Valentina Fernandes', '2016-08-05', 'Filha');

INSERT INTO HistoricoCargos (HistoricoID, FuncionarioID, Cargo, DataInicio, DataFim) VALUES
(1, 1, 'Vendedor', '2022-01-15', NULL),
(2, 2, 'Assistente de Marketing', '2021-08-20', NULL),
(3, 3, 'Analista de Recursos Humanos', '2020-05-10', '2022-12-31'),
(4, 3, 'Gerente de Recursos Humanos', '2023-01-01', NULL),
(5, 4, 'Estagiário Financeiro', '2023-03-01', NULL),
(6, 5, 'Desenvolvedor Junior', '2022-06-05', NULL),
(7, 6, 'Vendedora', '2022-02-10', NULL),
(8, 7, 'Assistente de Marketing', '2021-11-30', NULL),
(9, 8, 'Analista de Recursos Humanos', '2020-10-01', NULL),
(10, 9, 'Estagiário Financeiro', '2023-01-20', NULL),
(11, 10, 'Desenvolvedor Junior', '2022-03-15', NULL),
(12, 11, 'Vendedora', '2022-03-10', NULL),
(13, 12, 'Assistente de Marketing', '2021-09-25', NULL),
(14, 13, 'Analista de Recursos Humanos', '2020-06-18', NULL),
(15, 14, 'Estagiário Financeiro', '2023-02-05', NULL),
(16, 15, 'Desenvolvedor Junior', '2022-07-01', NULL),
(17, 16, 'Vendedora', '2022-04-20', NULL),
(18, 17, 'Assistente de Marketing', '2021-12-10', NULL),
(19, 18, 'Analista de Recursos Humanos', '2020-11-01', NULL),
(20, 19, 'Estagiário Financeiro', '2023-04-15', NULL),
(21, 20, 'Desenvolvedor Junior', '2022-09-05', NULL);